id;identificador;orden;nombre;direccion
1;Investment Teclado;72824;Cambridgeshire;Tajikistan Guapa Barranco
2;withdrawal;39099;quantifying;Adaptativo Hecho Director
3;Kuna Bulgarian Mercados;23387;connect;Regional
4;Granito streamline;20415;Buckinghamshire Account;de
5;payment;38583;invoice mobile hacking;Principado
6;Zapatos parsing Gerente;80883;Metal Croacia;infomediaries copying
7;Money Dollar;84166;Travesía Guapa;Visionario
8;Violeta Inteligente;90862;La;Bacon
9;compress;90404;application;Algodón program architect
10;Noruega;43330;Acero state Regional;Comunidad
